{
"lengthUnit": "mil",
"components": {
	"fields": ["COMPONENT_NO", "COMPONENT_NAME", "LAYER", "X_COORDINATE", "Y_COORDINATE", "ANGLE"],
	"rows": [
		[1, "5k%CE%A9 or%0A2x10k%CE%A9", "B", 802.89, -955.79, 180],
		[2, "10k%CE%A9", "B", 2212.98, -910.79, 270],
		[3, "10k%CE%A9", "B", 2088.62, -910.79, 270],
		[4, "10k%CE%A9", "B", 1961.5, -910.79, 270],
		[5, "10k%CE%A9N1", "B", 1837.14, -910.79, 270],
		[6, "  IR Rx%0AGrove Y%0A", "B", 845, -135, 0],
		[7, "BC547", "B", 845, -1085, 0],
		[8, "NRF1", "T", 195, -1505, 90],
		[9, "TF1", "B", 2020, -525, 0],
		[10, "U4", "T", 3275, -1155, 90],
		[11, "U5", "T", 815, -640, 90],
		[12, "U6", "T", 2980, -1445, 0],
		[13, "U7", "T", 2600, -580, 270],
		[14, "U8", "T", 935, -1450, 0],
		[15, "U9", "T", 2480, -1460, 0]
	]
},
"pins": {
	"fields": ["PIN_NO", "PIN_NAME", "PIN_X", "PIN_Y", "LAYER", "PIN_TYPE", "NET_NAME", "NET_TYPE", "PAD_SHAPE", "PAD_SIZEX", "PAD_SIZEY", "HOLE_SIZE", "PAD_ANGLE"],
	"rows": [
		[1, "5k%25CE%25A9 or%250A2x10k%25CE%25A9_1", 842.26, -955.79, "B", "SMD", "$1N2310", "", "R", 44.59, 93.58, 0, 180],
		[2, "5k%25CE%25A9 or%250A2x10k%25CE%25A9_2", 763.52, -955.79, "B", "SMD", "G33", "", "R", 44.59, 93.58, 0, 180],
		[3, "10k%25CE%25A9_1", 2212.98, -871.42, "B", "SMD", "N$2", "", "R", 44.59, 54.21, 0, 270],
		[4, "10k%25CE%25A9_2", 2212.98, -950.16, "B", "SMD", "SD3V3", "", "R", 44.59, 54.21, 0, 270],
		[5, "10k%25CE%25A9_1", 2088.62, -871.42, "B", "SMD", "G26", "", "R", 44.59, 54.21, 0, 270],
		[6, "10k%25CE%25A9_2", 2088.62, -950.16, "B", "SMD", "SD3V3", "", "R", 44.59, 54.21, 0, 270],
		[7, "10k%25CE%25A9_1", 1961.5, -871.42, "B", "SMD", "G0", "", "R", 44.59, 54.21, 0, 270],
		[8, "10k%25CE%25A9_2", 1961.5, -950.16, "B", "SMD", "SD3V3", "", "R", 44.59, 54.21, 0, 270],
		[9, "10k%25CE%25A9N1_1", 1837.14, -871.42, "B", "SMD", "G25", "", "R", 44.59, 54.21, 0, 270],
		[10, "10k%25CE%25A9N1_2", 1837.14, -950.16, "B", "SMD", "SD3V3", "", "R", 44.59, 54.21, 0, 270],
		[11, "  IR Rx%250AGrove Y%250A_1", 745, -135, "T", "DIP", "IRSCL", "", "C", 62.99, 62.99, 39.37, 0],
		[12, "  IR Rx%250AGrove Y%250A_1", 745, -135, "B", "DIP", "IRSCL", "", "C", 62.99, 62.99, 39.37, 0],
		[13, "  IR Rx%250AGrove Y%250A_2", 845, -135, "T", "DIP", "GND", "GND", "C", 62.99, 62.99, 39.37, 0],
		[14, "  IR Rx%250AGrove Y%250A_2", 845, -135, "B", "DIP", "GND", "GND", "C", 62.99, 62.99, 39.37, 0],
		[15, "  IR Rx%250AGrove Y%250A_3", 945, -135, "T", "DIP", "IR3V3", "", "C", 62.99, 62.99, 39.37, 0],
		[16, "  IR Rx%250AGrove Y%250A_3", 945, -135, "B", "DIP", "IR3V3", "", "C", 62.99, 62.99, 39.37, 0],
		[17, "BC547_1", 745, -1085, "T", "DIP", "N$2", "", "R", 70.87, 70.87, 39.37, 90],
		[18, "BC547_1", 745, -1085, "B", "DIP", "N$2", "", "R", 70.87, 70.87, 39.37, 90],
		[19, "BC547_2", 845, -1085, "T", "DIP", "$1N2310", "", "C", 70.87, 70.87, 39.37, 90],
		[20, "BC547_2", 845, -1085, "B", "DIP", "$1N2310", "", "C", 70.87, 70.87, 39.37, 90],
		[21, "BC547_3", 945, -1085, "T", "DIP", "GND", "GND", "C", 70.87, 70.87, 39.37, 90],
		[22, "BC547_3", 945, -1085, "B", "DIP", "GND", "GND", "C", 70.87, 70.87, 39.37, 90],
		[23, "NRF1_1", 195, -1505, "T", "DIP", "GND", "GND", "R", 59, 59, 36, 90],
		[24, "NRF1_1", 195, -1505, "B", "DIP", "GND", "GND", "R", 59, 59, 36, 90],
		[25, "NRF1_2", 295, -1505, "T", "DIP", "G32", "", "C", 59, 59, 36, 0],
		[26, "NRF1_2", 295, -1505, "B", "DIP", "G32", "", "C", 59, 59, 36, 0],
		[27, "NRF1_3", 395, -1505, "T", "DIP", "G0", "", "C", 59, 59, 36, 0],
		[28, "NRF1_3", 395, -1505, "B", "DIP", "G0", "", "C", 59, 59, 36, 0],
		[29, "NRF1_4", 495, -1505, "T", "DIP", "G25", "", "C", 59, 59, 36, 0],
		[30, "NRF1_4", 495, -1505, "B", "DIP", "G25", "", "C", 59, 59, 36, 0],
		[31, "NRF1_5", 495, -1405, "T", "DIP", "NRF1_5", "", "C", 59, 59, 36, 0],
		[32, "NRF1_5", 495, -1405, "B", "DIP", "NRF1_5", "", "C", 59, 59, 36, 0],
		[33, "NRF1_6", 395, -1405, "T", "DIP", "G26", "", "C", 59, 59, 36, 0],
		[34, "NRF1_6", 395, -1405, "B", "DIP", "G26", "", "C", 59, 59, 36, 0],
		[35, "NRF1_7", 295, -1405, "T", "DIP", "G33", "", "C", 59, 59, 36, 0],
		[36, "NRF1_7", 295, -1405, "B", "DIP", "G33", "", "C", 59, 59, 36, 0],
		[37, "NRF1_8", 195, -1405, "T", "DIP", "NRF3V3", "", "C", 59, 59, 36, 0],
		[38, "NRF1_8", 195, -1405, "B", "DIP", "NRF3V3", "", "C", 59, 59, 36, 0],
		[39, "TF1_1", 2108.58, -723.81, "B", "SMD", "TF1_1", "", "R", 27.56, 62.99, 0, 0],
		[40, "TF1_2", 2065.27, -723.81, "B", "SMD", "N$2", "", "R", 27.56, 62.99, 0, 0],
		[41, "TF1_3", 2021.97, -723.81, "B", "SMD", "G26", "", "R", 27.56, 62.99, 0, 0],
		[42, "TF1_4", 1978.66, -723.81, "B", "SMD", "3V3", "", "R", 27.56, 62.99, 0, 0],
		[43, "TF1_5", 1935.35, -723.81, "B", "SMD", "G0", "", "R", 27.56, 62.99, 0, 0],
		[44, "TF1_6", 1892.04, -723.81, "B", "SMD", "GND", "GND", "R", 27.56, 62.99, 0, 0],
		[45, "TF1_7", 1848.74, -723.82, "B", "SMD", "G25", "", "R", 27.56, 62.99, 0, 0],
		[46, "TF1_8", 1805.43, -723.82, "B", "SMD", "TF1_8", "", "R", 27.56, 62.99, 0, 0],
		[47, "TF1_9", 1762.12, -723.82, "B", "SMD", "TF1_9", "", "R", 27.56, 62.99, 0, 0],
		[48, "TF1_10", 1715, -704.13, "B", "SMD", "GND", "GND", "R", 47.24, 55.12, 0, 0],
		[49, "TF1_11", 1714.88, -326.18, "B", "SMD", "GND", "GND", "R", 47.24, 86.61, 0, 0],
		[50, "TF1_12", 2325.12, -326.18, "B", "SMD", "GND", "GND", "R", 47.24, 86.61, 0, 0],
		[51, "TF1_13", 2289.68, -704.13, "B", "SMD", "GND", "GND", "R", 62.99, 55.12, 0, 0],
		[52, "U4_1", 2875, -1055, "T", "DIP", "GND", "GND", "R", 60, 60, 36, 90],
		[53, "U4_1", 2875, -1055, "B", "DIP", "GND", "GND", "R", 60, 60, 36, 90],
		[54, "U4_2", 2875, -955, "T", "DIP", "CC3V3", "", "C", 60, 60, 35.98, 90],
		[55, "U4_2", 2875, -955, "B", "DIP", "CC3V3", "", "C", 60, 60, 35.98, 90],
		[56, "U4_3", 2975, -1055, "T", "DIP", "G32", "", "C", 60, 60, 36, 90],
		[57, "U4_3", 2975, -1055, "B", "DIP", "G32", "", "C", 60, 60, 36, 90],
		[58, "U4_4", 2975, -955, "T", "DIP", "G33", "", "C", 60, 60, 36, 90],
		[59, "U4_4", 2975, -955, "B", "DIP", "G33", "", "C", 60, 60, 36, 90],
		[60, "U4_5", 3075, -1055, "T", "DIP", "G0", "", "C", 60, 60, 36, 90],
		[61, "U4_5", 3075, -1055, "B", "DIP", "G0", "", "C", 60, 60, 36, 90],
		[62, "U4_6", 3075, -955, "T", "DIP", "G26", "", "C", 60, 60, 36, 90],
		[63, "U4_6", 3075, -955, "B", "DIP", "G26", "", "C", 60, 60, 36, 90],
		[64, "U4_7", 3175, -1055, "T", "DIP", "G25", "", "C", 60, 60, 36, 90],
		[65, "U4_7", 3175, -1055, "B", "DIP", "G25", "", "C", 60, 60, 36, 90],
		[66, "U4_8", 3175, -955, "T", "DIP", "U4_8", "", "C", 60, 60, 36, 90],
		[67, "U4_8", 3175, -955, "B", "DIP", "U4_8", "", "C", 60, 60, 36, 90],
		[68, "U5_1", 815, -739.99, "T", "DIP", "G33", "", "C", 70.87, 70.87, 43.31, 270],
		[69, "U5_1", 815, -739.99, "B", "DIP", "G33", "", "C", 70.87, 70.87, 43.31, 270],
		[70, "U5_2", 815, -640, "T", "DIP", "G32", "", "C", 70.87, 70.87, 43.31, 270],
		[71, "U5_2", 815, -640, "B", "DIP", "G32", "", "C", 70.87, 70.87, 43.31, 270],
		[72, "U5_3", 815, -540, "T", "DIP", "5V", "", "C", 70.87, 70.87, 43.31, 270],
		[73, "U5_3", 815, -540, "B", "DIP", "5V", "", "C", 70.87, 70.87, 43.31, 270],
		[74, "U5_4", 815, -440, "T", "DIP", "GND", "GND", "R", 70.87, 70.87, 43.31, 270],
		[75, "U5_4", 815, -440, "B", "DIP", "GND", "GND", "R", 70.87, 70.87, 43.31, 270],
		[76, "U6_1", 2880.01, -1445, "T", "DIP", "PNSCL", "", "C", 70.87, 70.87, 43.31, 180],
		[77, "U6_1", 2880.01, -1445, "B", "DIP", "PNSCL", "", "C", 70.87, 70.87, 43.31, 180],
		[78, "U6_2", 2980, -1445, "T", "DIP", "PNSDA", "", "C", 70.87, 70.87, 43.31, 180],
		[79, "U6_2", 2980, -1445, "B", "DIP", "PNSDA", "", "C", 70.87, 70.87, 43.31, 180],
		[80, "U6_3", 3080, -1445, "T", "DIP", "PN5V", "", "C", 70.87, 70.87, 43.31, 180],
		[81, "U6_3", 3080, -1445, "B", "DIP", "PN5V", "", "C", 70.87, 70.87, 43.31, 180],
		[82, "U6_4", 3180, -1445, "T", "DIP", "GND", "GND", "R", 70.87, 70.87, 43.31, 180],
		[83, "U6_4", 3180, -1445, "B", "DIP", "GND", "GND", "R", 70.87, 70.87, 43.31, 180],
		[84, "U7_1", 2600, -230, "T", "DIP", "U7_1", "", "C", 59.05, 59.05, 39.37, 270],
		[85, "U7_1", 2600, -230, "B", "DIP", "U7_1", "", "C", 59.05, 59.05, 39.37, 270],
		[86, "U7_2", 2600, -330, "T", "DIP", "3V3", "", "C", 59.05, 59.05, 39.37, 270],
		[87, "U7_2", 2600, -330, "B", "DIP", "3V3", "", "C", 59.05, 59.05, 39.37, 270],
		[88, "U7_3", 2600, -430, "T", "DIP", "U7_3", "", "C", 59.05, 59.05, 39.37, 270],
		[89, "U7_3", 2600, -430, "B", "DIP", "U7_3", "", "C", 59.05, 59.05, 39.37, 270],
		[90, "U7_4", 2600, -530, "T", "DIP", "G0", "", "C", 59.05, 59.05, 39.37, 270],
		[91, "U7_4", 2600, -530, "B", "DIP", "G0", "", "C", 59.05, 59.05, 39.37, 270],
		[92, "U7_5", 2600, -630, "T", "DIP", "G25", "", "C", 59.05, 59.05, 39.37, 270],
		[93, "U7_5", 2600, -630, "B", "DIP", "G25", "", "C", 59.05, 59.05, 39.37, 270],
		[94, "U7_6", 2600, -730, "T", "DIP", "G26", "", "C", 59.05, 59.05, 39.37, 270],
		[95, "U7_6", 2600, -730, "B", "DIP", "G26", "", "C", 59.05, 59.05, 39.37, 270],
		[96, "U7_7", 2600, -830, "T", "DIP", "U7_7", "", "C", 59.05, 59.05, 39.37, 270],
		[97, "U7_7", 2600, -830, "B", "DIP", "U7_7", "", "C", 59.05, 59.05, 39.37, 270],
		[98, "U7_8", 2600, -930, "T", "DIP", "GND", "GND", "R", 59.05, 59.05, 39.37, 270],
		[99, "U7_8", 2600, -930, "B", "DIP", "GND", "GND", "R", 59.05, 59.05, 39.37, 270],
		[100, "U8_1", 785, -1627.16, "T", "SMD", "3V3", "", "R", 59.05, 78.74, 0, 0],
		[101, "U8_2", 885, -1627.16, "T", "SMD", "3V3", "", "R", 59.05, 78.74, 0, 0],
		[102, "U8_3", 985, -1627.16, "T", "SMD", "3V3", "", "R", 59.05, 78.74, 0, 0],
		[103, "U8_4", 1085, -1627.16, "T", "SMD", "G32", "", "R", 59.05, 78.74, 0, 0],
		[104, "U8_5", 1085, -1272.84, "T", "SMD", "IRSCL", "", "R", 59.05, 78.74, 0, 0],
		[105, "U8_6", 985, -1272.84, "T", "SMD", "IR3V3", "", "R", 59.05, 78.74, 0, 0],
		[106, "U8_7", 885, -1272.84, "T", "SMD", "CC3V3", "", "R", 59.05, 78.74, 0, 0],
		[107, "U8_8", 785, -1272.84, "T", "SMD", "NRF3V3", "", "R", 59.05, 78.74, 0, 0],
		[108, "U9_1", 2330, -1637.16, "T", "SMD", "5V", "", "R", 59.05, 78.74, 0, 0],
		[109, "U9_2", 2430, -1637.16, "T", "SMD", "G32", "", "R", 59.05, 78.74, 0, 0],
		[110, "U9_3", 2530, -1637.16, "T", "SMD", "G33", "", "R", 59.05, 78.74, 0, 0],
		[111, "U9_4", 2630, -1637.16, "T", "SMD", "3V3", "", "R", 59.05, 78.74, 0, 0],
		[112, "U9_5", 2630, -1282.84, "T", "SMD", "G33", "", "R", 59.05, 78.74, 0, 0],
		[113, "U9_6", 2530, -1282.84, "T", "SMD", "PNSCL", "", "R", 59.05, 78.74, 0, 0],
		[114, "U9_7", 2430, -1282.84, "T", "SMD", "PNSDA", "", "R", 59.05, 78.74, 0, 0],
		[115, "U9_8", 2330, -1282.84, "T", "SMD", "PN5V", "", "R", 59.05, 78.74, 0, 0]
	]
}
}